ISO4762 Screw M2x10,2
ISO4762 Screw M3x10,32
ISO4762 Screw M3x12,27
ISO4762 Screw M3x14,6
ISO4762 Screw M3x15,13
ISO4762 Screw M3x16,10
ISO4762 Screw M3x20,5
ISO4762 Screw M3x25,11
ISO4762 Screw M3x35,11
ISO4762 Screw M3x40,13
ISO4762 Screw M3x45,3
ISO4762 Screw M3x5,2
ISO4762 Screw M3x6,5
ISO4762 Screw M3x70,6
ISO4762 Screw M3x8,30
ISO4762 Screw M4x12,3
ISO4762 Screw M6x12,55
ISO4762 Screw M6x8,4
ISO7090 Washer M5,30
ISO7090 Washer M6,176
ISO7092 Washer M3,116
ISO7092 Washer M5,11
ISO7092 Washer M6,6
ISO7380-1 Screw M3x10,15
ISO7380-1 Screw M3x12,6
ISO7380-1 Screw M3x15,1
ISO7380-1 Screw M3x20,4
ISO7380-1 Screw M3x6,27
ISO7380-1 Screw M3x8,3
ISO7380-1 Screw M4x25,2
ISO7380-1 Screw M4x8,2
ISO7380-1 Screw M5x10,6
ISO7380-1 Screw M5x12,3
ISO7380-1 Screw M5x15,2
ISO7380-1 Screw M5x16,2
ISO7380-1 Screw M5x20,2
ISO7380-1 Screw M5x25,5
ISO7380-1 Screw M5x30,3
ISO7380-1 Screw M5x40,5
ISO7380-1 Screw M5x45,1
ISO7380-1 Screw M5x50,8
ISO7380-1 Screw M5x8,16
ISO7380-1 Screw M6x10,55
ISO7380-1 Screw M6x12,23
ISO7380-1 Screw M6x15,12
ISO7380-1 Screw M6x16,8
ISO7380-1 Screw M6x35,5
ISO7380-1 Screw M8x12,2
ISO7380-1 Screw M8x20,22
ISO7380-1 Screw M8x25,4
